cap_1790733555468.jpg,9F67
cap_1790733602567.jpg,8J13
cap_1790733815920.jpg,V672
cap_1790733817274.jpg,X833
cap_1790733819952.jpg,U629
cap_1790733822507.jpg,52V9
cap_1790733823798.jpg,TB75
cap_1790733826004.jpg,X6X5
cap_1790733831367.jpg,SY66
cap_1790733832514.jpg,95J3
cap_1790733834905.jpg,4E17
cap_1790733842538.jpg,SS91
cap_1790733865812.jpg,TVX7
cap_1790733867140.jpg,KR49
cap_1790733870132.jpg,QA17
cap_1790733872123.jpg,R2F1
cap_1790733873740.jpg,9J39
cap_1790733874205.jpg,M3H8
cap_1790733878921.jpg,D1B4
cap_1790733880167.jpg,43L8
cap_1790733882306.jpg,45K0
cap_1790733883521.jpg,T521
cap_1790733890453.jpg,07R8
cap_1790733891638.jpg,6HX4
cap_1790733893755.jpg,3L24
cap_1790733896800.jpg,B489
cap_1790733909327.jpg,4U76
cap_1790733911901.jpg,P463
cap_1790733912380.jpg,3U48
cap_1790733914238.jpg,8T65
cap_1790733918246.jpg,8X81
cap_1790733919078.jpg,19V6
cap_1790733919812.jpg,B106
cap_1790733922430.jpg,0K28
cap_1790733922911.jpg,1T43
cap_1790733925042.jpg,K155
cap_1790733927291.jpg,H849
